"key","English (en)","Hindi (hi)","Tamil (ta)","Telugu (te)","Bengali (bn)","Marathi (mr)","Kannada (kn)","Gujarati (gu)","Hindi OK? (Y/N)","Tamil OK? (Y/N)","Telugu OK? (Y/N)","Bengali OK? (Y/N)","Marathi OK? (Y/N)","Kannada OK? (Y/N)","Gujarati OK? (Y/N)","Correction / notes"
"otp.code","{code} is your RoadAssist verification code. It expires in 5 minutes.","{code} आपका RoadAssist कोड है। 5 मिनट में समाप्त।","{code} உங்கள் RoadAssist குறியீடு. 5 நிமிடத்தில் முடியும்.","{code} మీ RoadAssist కోడ్. 5 నిమిషాల్లో ముగుస్తుంది.","{code} আপনার RoadAssist কোড। ৫ মিনিটে শেষ হবে।","{code} हा तुमचा RoadAssist कोड. 5 मिनिटांत संपेल.","{code} ನಿಮ್ಮ RoadAssist ಕೋಡ್. 5 ನಿಮಿಷದಲ್ಲಿ ಮುಗಿಯುತ್ತದೆ.","{code} તમારો RoadAssist કોડ છે. 5 મિનિટમાં પૂરો થશે.","","","","","","","",""
"sos.received","SOS received and recorded (ref {ref}). Nobody is dispatched automatically. Call 112 if you can. Reply with a landmark or highway marker.","SOS {ref} दर्ज। कोई अपने-आप नहीं आएगा। 112 पर कॉल कर जगह बताएं।","SOS {ref} பதிவு. யாரும் தானாக வரார். 112-ஐ அழைத்து இடம் கூறுங்கள்.","SOS {ref} నమోదు. ఎవరూ స్వయంగా రారు. 112కు కాల్ చేసి చోటు చెప్పండి.","SOS {ref} নথিভুক্ত। কেউ নিজে আসবে না। 112-এ কল করে জায়গা বলুন।","SOS {ref} नोंदवला. आपोआप कोणी येत नाही. 112 वर कॉल करून जागा सांगा.","SOS {ref} ದಾಖಲಾಗಿದೆ. ಯಾರೂ ತಾನಾಗಿ ಬರರು. 112ಕ್ಕೆ ಕರೆಮಾಡಿ ಸ್ಥಳ ತಿಳಿಸಿ.","SOS {ref} નોંધાયો. આપમેળે કોઈ નહીં આવે. 112 પર કૉલ કરી જગ્યા કહો.","","","","","","","",""
"sos.received.located","SOS received with your location and recorded (ref {ref}). Nobody is dispatched automatically. Call 112 if you can.","SOS {ref} लोकेशन सहित दर्ज। कोई अपने-आप नहीं आएगा। 112 पर कॉल करें।","SOS {ref} இடத்துடன் பதிவு. யாரும் தானாக வரார். 112-ஐ அழையுங்கள்.","SOS {ref} లొకేషన్‌తో నమోదు. ఎవరూ స్వయంగా రారు. 112కు కాల్ చేయండి.","SOS {ref} লোকেশনসহ নথিভুক্ত। কেউ নিজে আসবে না। 112-এ কল করুন।","SOS {ref} लोकेशनसह नोंदवला. आपोआप कोणी येत नाही. 112 वर कॉल करा.","SOS {ref} ಸ್ಥಳಸಹಿತ ದಾಖಲಾಗಿದೆ. ಯಾರೂ ತಾನಾಗಿ ಬರರು. 112ಕ್ಕೆ ಕರೆಮಾಡಿ.","SOS {ref} લોકેશન સાથે નોંધાયો. આપમેળે કોઈ નહીં આવે. 112 પર કૉલ કરો.","","","","","","","",""
"sos.contact.alert","EMERGENCY: your contact may have been in a crash. Live location: {url}","आपातकाल: आपके संपर्क की दुर्घटना हो सकती है। लोकेशन: {url}","அவசரம்: உங்கள் தொடர்புக்கு விபத்து இருக்கலாம். இடம்: {url}","అత్యవసరం: మీ పరిచయస్థునికి ప్రమాదం కావచ్చు. లొకేషన్: {url}","জরুরি: আপনার পরিচিতের দুর্ঘটনা হতে পারে। লোকেশন: {url}","आणीबाणी: तुमच्या संपर्काचा अपघात असू शकतो. लोकेशन: {url}","ತುರ್ತು: ನಿಮ್ಮ ಸಂಪರ್ಕಕ್ಕೆ ಅಪಘಾತ ಆಗಿರಬಹುದು. ಸ್ಥಳ: {url}","કટોકટી: તમારા સંપર્કનો અકસ્માત થયો હોઈ શકે. લોકેશન: {url}","","","","","","","",""
"sms.stopped","You will receive no further messages from RoadAssist, including emergency alerts when someone lists you as a contact. Send START to opt back in.","RoadAssist संदेश बंद, आपात अलर्ट भी। फिर चालू करने को START भेजें।","RoadAssist செய்திகள் நிறுத்தம், அவசர எச்சரிக்கையும். மீண்டும் START.","RoadAssist సందేశాలు ఆగాయి, అత్యవసర హెచ్చరికలు కూడా. మళ్లీ START.","RoadAssist বার্তা বন্ধ, জরুরি সতর্কতাও। আবার চালু করতে START পাঠান।","RoadAssist संदेश बंद, आणीबाणी सूचनाही. पुन्हा सुरूसाठी START पाठवा.","RoadAssist ಸಂದೇಶ ನಿಂತಿದೆ, ತುರ್ತು ಎಚ್ಚರಿಕೆಯೂ. ಮತ್ತೆ ಶುರುಮಾಡಲು START.","RoadAssist સંદેશા બંધ, કટોકટી ચેતવણી પણ. ફરી ચાલુ કરવા START મોકલો.","","","","","","","",""
"sms.started","You are opted back in to RoadAssist messages, including emergency alerts. Send STOP to opt out.","RoadAssist संदेश फिर चालू, आपातकालीन अलर्ट भी। बंद को STOP भेजें।","RoadAssist செய்திகள் மீண்டும், அவசர எச்சரிக்கையும். நிறுத்த STOP.","RoadAssist సందేశాలు మళ్లీ మొదలు, అత్యవసర హెచ్చరికలతో. ఆపడానికి STOP.","RoadAssist বার্তা আবার চালু, জরুরি সতর্কতাও। বন্ধ করতে STOP পাঠান।","RoadAssist संदेश पुन्हा सुरू, आणीबाणी सूचनाही. बंदसाठी STOP पाठवा.","RoadAssist ಸಂದೇಶ ಮತ್ತೆ ಶುರು, ತುರ್ತು ಎಚ್ಚರಿಕೆಯೂ. ನಿಲ್ಲಿಸಲು STOP.","RoadAssist સંદેશા ફરી ચાલુ, કટોકટી ચેતવણી પણ. બંધ કરવા STOP મોકલો.","","","","","","","",""
"sms.noActive","You have no active request. Send HELP CAR (or BIKE, AUTO, TRUCK) to start one.","कोई सक्रिय अनुरोध नहीं। शुरू करने के लिए HELP CAR भेजें।","கோரிக்கை எதுவும் இல்லை. தொடங்க HELP CAR அனுப்பவும்.","మీకు అభ్యర్థన లేదు. ప్రారంభించడానికి HELP CAR పంపండి.","কোনো সক্রিয় অনুরোধ নেই। শুরু করতে HELP CAR পাঠান।","कोणतीही विनंती नाही. सुरू करण्यास HELP CAR पाठवा.","ಯಾವ ಮನವಿಯೂ ಇಲ್ಲ. ಶುರುಮಾಡಲು HELP CAR ಕಳಿಸಿ.","કોઈ વિનંતી નથી. શરૂ કરવા HELP CAR મોકલો.","","","","","","","",""
"sms.nothingToCancel","You have no active request to cancel.","रद्द करने के लिए कोई अनुरोध नहीं है।","ரத்து செய்ய கோரிக்கை இல்லை.","రద్దు చేయడానికి అభ్యర్థన లేదు.","বাতিল করার মতো অনুরোধ নেই।","रद्द करण्यासाठी विनंती नाही.","ರದ್ದು ಮಾಡಲು ಮನವಿ ಇಲ್ಲ.","રદ કરવા માટે વિનંતી નથી.","","","","","","","",""
"sms.status.assigned","{reference}: {status}. {mechanic} is assigned. Reply CANCEL to cancel.","{reference} {status}। {mechanic} आ रहे हैं। रद्द को CANCEL।","{reference} {status}. {mechanic} வருகிறார். ரத்துக்கு CANCEL.","{reference} {status}. {mechanic} వస్తున్నారు. రద్దుకు CANCEL.","{reference} {status}। {mechanic} আসছেন। বাতিলে CANCEL।","{reference} {status}. {mechanic} येत आहेत. रद्दसाठी CANCEL.","{reference} {status}. {mechanic} ಬರುತ್ತಿದ್ದಾರೆ. ರದ್ದಿಗೆ CANCEL.","{reference} {status}. {mechanic} આવે છે. રદ માટે CANCEL.","","","","","","","",""
"sms.status.searching","{reference}: {status}. We are still finding a mechanic. Reply CANCEL to cancel.","{reference} {status}। मैकेनिक खोज रहे हैं। रद्द को CANCEL।","{reference} {status}. மெக்கானிக் தேடுகிறோம். ரத்துக்கு CANCEL.","{reference} {status}. మెకానిక్ కోసం వెతుకుతున్నాం. CANCEL.","{reference} {status}। মেকানিক খোঁজা হচ্ছে। বাতিলে CANCEL।","{reference} {status}. मेकॅनिक शोधत आहोत. रद्दसाठी CANCEL.","{reference} {status}. ಮೆಕ್ಯಾನಿಕ್ ಹುಡುಕುತ್ತಿದ್ದೇವೆ. CANCEL.","{reference} {status}. મિકેનિક શોધી રહ્યા છીએ. રદ માટે CANCEL.","","","","","","","",""
"sms.cancelled","{reference} cancelled.","{reference} रद्द कर दिया।","{reference} ரத்து செய்யப்பட்டது.","{reference} రద్దు అయింది.","{reference} বাতিল হয়েছে।","{reference} रद्द केले.","{reference} ರದ್ದಾಗಿದೆ.","{reference} રદ થયું.","","","","","","","",""
"sms.cancelled.fee","{reference} cancelled. A cancellation fee applies as a mechanic was already on the way.","{reference} रद्द। मैकेनिक निकल चुका था, इसलिए रद्द शुल्क लगेगा।","{reference} ரத்து. மெக்கானிக் புறப்பட்டதால் கட்டணம் உண்டு.","{reference} రద్దు. మెకానిక్ బయలుదేరారు, రుసుము ఉంటుంది.","{reference} বাতিল। মেকানিক রওনা দেওয়ায় ফি লাগবে।","{reference} रद्द. मेकॅनिक निघाल्याने शुल्क लागेल.","{reference} ರದ್ದು. ಮೆಕ್ಯಾನಿಕ್ ಹೊರಟಿದ್ದರಿಂದ ಶುಲ್ಕ ಬೀಳುತ್ತದೆ.","{reference} રદ. મિકેનિક નીકળી ગયો હોવાથી ફી લાગશે.","","","","","","","",""
"sms.cancel.tooLate","{reference} is {status} and can no longer be cancelled by SMS. Call us for help.","{reference} {status}। SMS से रद्द नहीं। कॉल करें।","{reference} {status}. SMS-ல் ரத்து இல்லை. அழைக்கவும்.","{reference} {status}. SMS ద్వారా రద్దు కాదు. కాల్ చేయండి.","{reference} {status}। SMS-এ বাতিল নয়। কল করুন।","{reference} {status}. SMS ने रद्द होणार नाही. कॉल करा.","{reference} {status}. SMS ನಲ್ಲಿ ರದ್ದು ಇಲ್ಲ. ಕರೆ ಮಾಡಿ.","{reference} {status}. SMS થી રદ નહીં. ફોન કરો.","","","","","","","",""
"sms.cancel.accepted","{reference}: a mechanic accepted it just before your CANCEL, so it was not cancelled. Send CANCEL again to cancel (a fee applies).","{reference}: मैकेनिक ने ले लिया, रद्द नहीं। फिर CANCEL, शुल्क लगेगा।","{reference}: மெக்கானிக் ஏற்றார், ரத்து இல்லை. மீண்டும் CANCEL (கட்டணம்).","{reference}: మెకానిక్ ఒప్పుకున్నారు, రద్దు లేదు. మళ్లీ CANCEL (రుసుము).","{reference}: মেকানিক নিয়েছেন, বাতিল হয়নি। আবার CANCEL দিন, ফি লাগবে।","{reference}: मेकॅनिकने स्वीकारले, रद्द नाही. पुन्हा CANCEL, शुल्क लागेल.","{reference}: ಮೆಕ್ಯಾನಿಕ್ ಒಪ್ಪಿದರು, ರದ್ದಾಗಿಲ್ಲ. ಮತ್ತೆ CANCEL, ಶುಲ್ಕ ಇದೆ.","{reference}: મિકેનિકે સ્વીકાર્યું, રદ નથી થયું. ફરી CANCEL, ફી લાગશે.","","","","","","","",""
"sms.cancel.changed","{reference} changed to {status} before your CANCEL arrived, so it was not cancelled. Send CANCEL again.","{reference} अब {status} है, रद्द नहीं हुआ। फिर CANCEL भेजें।","{reference} இப்போது {status}, ரத்து இல்லை. மீண்டும் CANCEL.","{reference} ఇప్పుడు {status}, రద్దు కాలేదు. మళ్లీ CANCEL.","{reference} এখন {status}, বাতিল হয়নি। আবার CANCEL পাঠান।","{reference} आता {status}, रद्द झाले नाही. पुन्हा CANCEL पाठवा.","{reference} ಈಗ {status}, ರದ್ದಾಗಿಲ್ಲ. ಮತ್ತೆ CANCEL ಕಳಿಸಿ.","{reference} હવે {status}, રદ નથી થયું. ફરી CANCEL મોકલો.","","","","","","","",""
"sms.whichVehicle","Which vehicle? Reply HELP CAR, HELP BIKE, HELP AUTO, HELP TRUCK or HELP TRACTOR.","कौन सा वाहन? HELP CAR, BIKE, AUTO, TRUCK या TRACTOR भेजें।","எந்த வாகனம்? HELP CAR, BIKE, AUTO, TRUCK, TRACTOR.","ఏ వాహనం? HELP CAR, BIKE, AUTO, TRUCK, TRACTOR.","কোন গাড়ি? HELP CAR, BIKE, AUTO, TRUCK, TRACTOR।","कोणते वाहन? HELP CAR, BIKE, AUTO, TRUCK, TRACTOR.","ಯಾವ ವಾಹನ? HELP CAR, BIKE, AUTO, TRUCK, TRACTOR.","કયું વાહન? HELP CAR, BIKE, AUTO, TRUCK, TRACTOR.","","","","","","","",""
"sms.alreadyOpen","You already have request {reference} ({status}). Reply STATUS or CANCEL.","{reference} ({status}) पहले से चालू है। STATUS या CANCEL भेजें।","{reference} ({status}) ஏற்கெனவே உள்ளது. STATUS அல்லது CANCEL.","{reference} ({status}) ఇప్పటికే ఉంది. STATUS లేదా CANCEL.","{reference} ({status}) চালু আছে। STATUS বা CANCEL পাঠান।","{reference} ({status}) आधीच सुरू आहे. STATUS किंवा CANCEL.","{reference} ({status}) ಈಗಾಗಲೇ ಇದೆ. STATUS ಅಥವಾ CANCEL.","{reference} ({status}) પહેલેથી છે. STATUS કે CANCEL મોકલો.","","","","","","","",""
"sms.requested","Request {reference} received. We are finding a mechanic near you. Reply STATUS for an update or CANCEL to stop.","{reference} मिल गया। मैकेनिक खोज रहे हैं। STATUS या CANCEL।","{reference} கிடைத்தது. மெக்கானிக் தேடுகிறோம். STATUS/CANCEL.","{reference} అందింది. మెకానిక్ కోసం వెతుకుతున్నాం. STATUS/CANCEL.","{reference} পেয়েছি। মেকানিক খোঁজা হচ্ছে। STATUS বা CANCEL।","{reference} मिळाले. मेकॅनिक शोधत आहोत. STATUS किंवा CANCEL.","{reference} ಸಿಕ್ಕಿದೆ. ಮೆಕ್ಯಾನಿಕ್ ಹುಡುಕುತ್ತಿದ್ದೇವೆ. STATUS/CANCEL.","{reference} મળ્યું. મિકેનિક શોધી રહ્યા છીએ. STATUS કે CANCEL.","","","","","","","",""
"sms.commands","RoadAssist commands:
HELP CAR / BIKE / AUTO / TRUCK - request assistance
STATUS - your current request
CANCEL - cancel it
SOS - emergency
STOP - opt out","RoadAssist:
HELP CAR/BIKE/AUTO/TRUCK - मदद
STATUS - स्थिति
CANCEL - रद्द
SOS - आपातकाल
STOP - बंद","RoadAssist:
HELP CAR/BIKE/AUTO/TRUCK - உதவி
STATUS - நிலை
CANCEL - ரத்து
SOS - அவசரம்
STOP - நிறுத்து","RoadAssist:
HELP CAR/BIKE/AUTO/TRUCK - సహాయం
STATUS - స్థితి
CANCEL - రద్దు
SOS - అత్యవసరం
STOP - ఆపు","RoadAssist:
HELP CAR/BIKE/AUTO/TRUCK - সাহায্য
STATUS - অবস্থা
CANCEL - বাতিল
SOS - জরুরি
STOP - বন্ধ","RoadAssist:
HELP CAR/BIKE/AUTO/TRUCK - मदत
STATUS - स्थिती
CANCEL - रद्द
SOS - आणीबाणी
STOP - बंद","RoadAssist:
HELP CAR/BIKE/AUTO/TRUCK - ಸಹಾಯ
STATUS - ಸ್ಥಿತಿ
CANCEL - ರದ್ದು
SOS - ತುರ್ತು
STOP - ನಿಲ್ಲಿಸು","RoadAssist:
HELP CAR/BIKE/AUTO/TRUCK - મદદ
STATUS - સ્થિતિ
CANCEL - રદ
SOS - કટોકટી
STOP - બંધ","","","","","","","",""
"lang.set","Language set to English. Send LANG HI for Hindi.","भाषा हिंदी कर दी गई। English के लिए LANG EN भेजें।","மொழி தமிழ். English-க்கு LANG EN அனுப்பவும்.","భాష తెలుగు. English కోసం LANG EN పంపండి.","ভাষা বাংলা। English-এর জন্য LANG EN পাঠান।","भाषा मराठी. English साठी LANG EN पाठवा.","ಭಾಷೆ ಕನ್ನಡ. English ಗಾಗಿ LANG EN ಕಳಿಸಿ.","ભાષા ગુજરાતી. English માટે LANG EN મોકલો.","","","","","","","",""
"lang.options","Reply LANG EN for English or LANG HI for Hindi.","भाषा: LANG EN HI TA TE BN MR KN GU","மொழி: LANG EN HI TA TE BN MR KN GU","భాష: LANG EN HI TA TE BN MR KN GU","ভাষা: LANG EN HI TA TE BN MR KN GU","भाषा: LANG EN HI TA TE BN MR KN GU","ಭಾಷೆ: LANG EN HI TA TE BN MR KN GU","ભાષા: LANG EN HI TA TE BN MR KN GU","","","","","","","",""
